"HITId","HITTypeId","Title","Description","Keywords","Reward","CreationTime","MaxAssignments","RequesterAnnotation","AssignmentDurationInSeconds","AutoApprovalDelayInSeconds","Expiration","NumberOfSimilarHITs","LifetimeInSeconds","AssignmentId","WorkerId","AssignmentStatus","AcceptTime","SubmitTime","AutoApprovalTime","ApprovalTime","RejectionTime","RequesterFeedback","WorkTimeInSeconds","LifetimeApprovalRate","Last30DaysApprovalRate","Last7DaysApprovalRate","Input.taskname","Answer.hitcode","Answer.instrument1","Answer.instrument2","Answer.instrument3","Answer.instrument4","Answer.instrument5","Answer.misccomments","Answer.musicexperience","Answer.musicrecency","Answer.notename","Answer.pianoexperience","Answer.pianorecency","Answer.piece1heard","Answer.piece1name","Answer.piece1played","Answer.piece2heard","Answer.piece2name","Answer.piece2played","Approve","Reject"
"26XE4EGDHDM2XHK6IIQWGHEZFXDLBK","2CAVKCJ011K2Z0VVIFHWG18N4AJ8A8","Learn how to play music on your computer keyboard. You do NOT need any experience with music to do this task.","We turn your keyboard into a musical instrument, by assigning notes to keys, and teach you how to play the instrument by having you play back notes. You do NOT need any experience with music to do this task. Takes 15 minutes.","music, piano, tutor, learn, practice, play, keyboard","$2.00","Mon Feb 10 12:38:52 GMT 2014","1","BatchId:1413108;","3600","28800","Mon Feb 10 12:50:27 GMT 2014","","","2VHHIT3HVWAVCEIQWEH2B72ZP58LDN","A1AULY5MSR13MZ","Submitted","Mon Feb 10 12:49:57 GMT 2014","Mon Feb 10 13:05:37 GMT 2014","Mon Feb 10 13:05:37 PST 2014","","","","940","0% (0/0)","0% (0/0)","0% (0/0)","1_0_mslc","","piano","","","","","none.","2","9","no","2","9","Yes","mary had a little lamb","Yes","Yes","moonlight sonata","No"
"2X4MEGOOGQSCE2UYJXJESUUU99NDD3","2CAVKCJ011K2Z0VVIFHWG18N4AJ8A8","Learn how to play music on your computer keyboard. You do NOT need any experience with music to do this task.","We turn your keyboard into a musical instrument, by assigning notes to keys, and teach you how to play the instrument by having you play back notes. You do NOT need any experience with music to do this task. Takes 15 minutes.","music, piano, tutor, learn, practice, play, keyboard","$2.00","Mon Feb 10 12:38:52 GMT 2014","1","BatchId:1413108;","3600","28800","Mon Feb 10 12:50:27 GMT 2014","","","2T12NJKM05BMBP657RTG3P9RQ3AGB5","A2WLGVXAVT2XTR","Submitted","Mon Feb 10 12:51:25 GMT 2014","Mon Feb 10 13:16:16 GMT 2014","Mon Feb 10 13:16:16 PST 2014","","","","1491","0% (0/0)","0% (0/0)","0% (0/0)","1_2_edmx","","","","","","","It was fun.  made learning easy.","2","9","","1","1","Yes","Mary Had A Little Lamb","Yes","Yes","","No"
"22H6R70G5R9854VR49YW2STN7LFAQ3","2CAVKCJ011K2Z0VVIFHWG18N4AJ8A8","Learn how to play music on your computer keyboard. You do NOT need any experience with music to do this task.","We turn your keyboard into a musical instrument, by assigning notes to keys, and teach you how to play the instrument by having you play back notes. You do NOT need any experience with music to do this task. Takes 15 minutes.","music, piano, tutor, learn, practice, play, keyboard","$2.00","Mon Feb 10 12:38:52 GMT 2014","1","BatchId:1413108;","3600","28800","Mon Feb 10 12:50:28 GMT 2014","","","2NU1O3W5XH0JHL46BFPEZLSPN12CI0","AN3KR7C1SLYY3","Submitted","Mon Feb 10 12:40:16 GMT 2014","Mon Feb 10 12:52:03 GMT 2014","Mon Feb 10 12:52:03 PST 2014","","","","707","100% (1/1)","0% (0/0)","0% (0/0)","1_4_kewb","","","","","","","Was really fun and interesting, cheers.","4","9","","1","1","Yes","","Yes","Yes","","No"
"238U6L5OBVCITN9LD59JP7GUAKEGZI","2CAVKCJ011K2Z0VVIFHWG18N4AJ8A8","Learn how to play music on your computer keyboard. You do NOT need any experience with music to do this task.","We turn your keyboard into a musical instrument, by assigning notes to keys, and teach you how to play the instrument by having you play back notes. You do NOT need any experience with music to do this task. Takes 15 minutes.","music, piano, tutor, learn, practice, play, keyboard","$2.00","Mon Feb 10 12:38:52 GMT 2014","1","BatchId:1413108;","3600","28800","Mon Feb 10 12:50:28 GMT 2014","","","22A2KYEPLSP7XGXAFRA3YAHQUMDVPU","A38VOZIC9QGEGU","Submitted","Mon Feb 10 12:45:27 GMT 2014","Mon Feb 10 12:56:42 GMT 2014","Mon Feb 10 12:56:42 PST 2014","","","","675","0% (0/0)","0% (0/0)","0% (0/0)","1_6_qrly","","piano","Guitar","drums","saxaphone","clarinet","It was really fun and I would love to do it again.","8","6","F sharp","6","7","Yes","Mary Had a Little Lamb","Yes","Yes","Fur Elise","No"
"2KBVOK5UFJ51Q322XU6Y0S1C13M96T","2CAVKCJ011K2Z0VVIFHWG18N4AJ8A8","Learn how to play music on your computer keyboard. You do NOT need any experience with music to do this task.","We turn your keyboard into a musical instrument, by assigning notes to keys, and teach you how to play the instrument by having you play back notes. You do NOT need any experience with music to do this task. Takes 15 minutes.","music, piano, tutor, learn, practice, play, keyboard","$2.00","Mon Feb 10 12:38:53 GMT 2014","1","BatchId:1413108;","3600","28800","Mon Feb 10 12:50:29 GMT 2014","","","2BKNQQ7Q6705TMW0WMS23QC1DIYVB9","A1Z7QTDFX7ZM2O","Submitted","Mon Feb 10 12:40:45 GMT 2014","Mon Feb 10 13:06:02 GMT 2014","Mon Feb 10 13:06:02 PST 2014","","","","1517","0% (0/0)","0% (0/0)","0% (0/0)","1_8_zjtk","","","","","","","","3","9","","3","9","Yes","Mary had a little lamb","Yes","No","","No"
"2GH2MIKMN9U8H5ARHONW7I3S37HAR4","2CAVKCJ011K2Z0VVIFHWG18N4AJ8A8","Learn how to play music on your computer keyboard. You do NOT need any experience with music to do this task.","We turn your keyboard into a musical instrument, by assigning notes to keys, and teach you how to play the instrument by having you play back notes. You do NOT need any experience with music to do this task. Takes 15 minutes.","music, piano, tutor, learn, practice, play, keyboard","$2.00","Mon Feb 10 12:38:53 GMT 2014","1","BatchId:1413108;","3600","28800","Mon Feb 10 12:50:30 GMT 2014","","","2EUJ1LY58B72ZIC6PABHN16YVOCS7E","A18TXM6GMU1411","Submitted","Mon Feb 10 12:46:15 GMT 2014","Mon Feb 10 13:04:55 GMT 2014","Mon Feb 10 13:04:55 PST 2014","","","","1120","0% (0/0)","0% (0/0)","0% (0/0)","2_2_rnbn","","","","","","","","2","9","","1","1","Yes","Mary Had A Little Lamb","No","Yes","","No"
"2JP4J79KQW610JGU3S6CN45XLNSIKN","2CAVKCJ011K2Z0VVIFHWG18N4AJ8A8","Learn how to play music on your computer keyboard. You do NOT need any experience with music to do this task.","We turn your keyboard into a musical instrument, by assigning notes to keys, and teach you how to play the instrument by having you play back notes. You do NOT need any experience with music to do this task. Takes 15 minutes.","music, piano, tutor, learn, practice, play, keyboard","$2.00","Mon Feb 10 12:38:53 GMT 2014","1","BatchId:1413108;","3600","28800","Mon Feb 10 12:50:30 GMT 2014","","","2I988MQU6L5O3RO6AMOXEAIJV3YCVX","AST33WVZ5QC05","Submitted","Mon Feb 10 12:46:21 GMT 2014","Mon Feb 10 13:27:19 GMT 2014","Mon Feb 10 13:27:19 PST 2014","","","","2458","0% (0/0)","0% (0/0)","0% (0/0)","2_3_qgqb","","flute","clarinet","piano","","","","9","3","f sharp eighth note","6","9","Yes","I recalled it while I was playing but don't remember the tune right now.","Yes","Yes","Beethoven's Fur Elise","Yes"
"22QI9NZW6HEZYKQSZRYTI69G3V1NXX","2CAVKCJ011K2Z0VVIFHWG18N4AJ8A8","Learn how to play music on your computer keyboard. You do NOT need any experience with music to do this task.","We turn your keyboard into a musical instrument, by assigning notes to keys, and teach you how to play the instrument by having you play back notes. You do NOT need any experience with music to do this task. Takes 15 minutes.","music, piano, tutor, learn, practice, play, keyboard","$2.00","Mon Feb 10 12:38:53 GMT 2014","1","BatchId:1413108;","3600","28800","Mon Feb 10 12:50:31 GMT 2014","","","2W2ZHHRRLFQ0GJZJ0CSKRO9EWNTFO9","AEECEMJS22D2E","Submitted","Mon Feb 10 12:47:27 GMT 2014","Mon Feb 10 13:10:41 GMT 2014","Mon Feb 10 13:10:41 PST 2014","","","","1394","0% (0/0)","0% (0/0)","0% (0/0)","2_4_krsi","","","","","","","You owe me a new keyboard.","2","9","","1","1","Yes","Marry Had a Little Lamb","No","Yes","Fur Elise","No"
"2GXYQS1CSTMO7T311Z9CBEYDW7JMPB","2CAVKCJ011K2Z0VVIFHWG18N4AJ8A8","Learn how to play music on your computer keyboard. You do NOT need any experience with music to do this task.","We turn your keyboard into a musical instrument, by assigning notes to keys, and teach you how to play the instrument by having you play back notes. You do NOT need any experience with music to do this task. Takes 15 minutes.","music, piano, tutor, learn, practice, play, keyboard","$2.00","Mon Feb 10 12:38:53 GMT 2014","1","BatchId:1413108;","3600","28800","Mon Feb 10 12:50:31 GMT 2014","","","2CEIKMN9U8P9QZKH5ROIDSUYYIICTH","A22XK2FSFIAAFG","Submitted","Mon Feb 10 12:46:10 GMT 2014","Mon Feb 10 13:11:08 GMT 2014","Mon Feb 10 13:11:08 PST 2014","","","","1498","100% (1/1)","0% (0/0)","0% (0/0)","2_5_yaux","","Guitar","Drums","","","","No comments, thanks!","9","2","","1","1","Yes","Marry had a little lamb.","Yes","No","","No"
"2IMIXKO2L92H688YFSUYYCCF9LODEW","2CAVKCJ011K2Z0VVIFHWG18N4AJ8A8","Learn how to play music on your computer keyboard. You do NOT need any experience with music to do this task.","We turn your keyboard into a musical instrument, by assigning notes to keys, and teach you how to play the instrument by having you play back notes. You do NOT need any experience with music to do this task. Takes 15 minutes.","music, piano, tutor, learn, practice, play, keyboard","$2.00","Mon Feb 10 12:38:53 GMT 2014","1","BatchId:1413108;","3600","28800","Mon Feb 10 12:50:31 GMT 2014","","","23YYTWX4H3H2H7G1I47IGIJRR1N4ZC","AUSXA916GRBM5","Submitted","Mon Feb 10 12:44:43 GMT 2014","Mon Feb 10 13:18:04 GMT 2014","Mon Feb 10 13:18:04 PST 2014","","","","2001","0% (0/0)","0% (0/0)","0% (0/0)","2_6_ftnx","","snare drum","","","","","","6","9","","2","9","No","","No","No","","No"
"2RVZXR24SMEZRYY6THE948P97D8H0Q","2CAVKCJ011K2Z0VVIFHWG18N4AJ8A8","Learn how to play music on your computer keyboard. You do NOT need any experience with music to do this task.","We turn your keyboard into a musical instrument, by assigning notes to keys, and teach you how to play the instrument by having you play back notes. You do NOT need any experience with music to do this task. Takes 15 minutes.","music, piano, tutor, learn, practice, play, keyboard","$2.00","Mon Feb 10 12:38:53 GMT 2014","1","BatchId:1413108;","3600","28800","Mon Feb 10 12:50:31 GMT 2014","","","224GW40SPW1IFIT47LVJDNABM7X0DT","A1M1TSMJB12177","Submitted","Mon Feb 10 12:51:12 GMT 2014","Mon Feb 10 12:51:22 GMT 2014","Mon Feb 10 12:51:22 PST 2014","","","","10","0% (0/0)","0% (0/0)","0% (0/0)","2_7_tcod","","","","","","","","0","0","","0","0","","","","","",""
"2GDXX2Q45UUKIKA4WDN1XS8OP90ASS","2CAVKCJ011K2Z0VVIFHWG18N4AJ8A8","Learn how to play music on your computer keyboard. You do NOT need any experience with music to do this task.","We turn your keyboard into a musical instrument, by assigning notes to keys, and teach you how to play the instrument by having you play back notes. You do NOT need any experience with music to do this task. Takes 15 minutes.","music, piano, tutor, learn, practice, play, keyboard","$2.00","Mon Feb 10 12:38:53 GMT 2014","1","BatchId:1413108;","3600","28800","Mon Feb 10 12:50:32 GMT 2014","","","2XKSCXKNQY2R4FWUCUMEDHR00QZP0V","A1HGC1W5EWXUYS","Submitted","Mon Feb 10 12:47:06 GMT 2014","Mon Feb 10 13:07:14 GMT 2014","Mon Feb 10 13:07:14 PST 2014","","","","1208","0% (0/0)","0% (0/0)","0% (0/0)","2_9_obyh","","Guitar","Piana","","","","None","5","3","","3","6","Yes","Merry had a little lamb","Yes","Yes","Fur Elise","Yes"
"2LAMEZZ2MIKMF56WY4P3ITWW6S36NP","2CAVKCJ011K2Z0VVIFHWG18N4AJ8A8","Learn how to play music on your computer keyboard. You do NOT need any experience with music to do this task.","We turn your keyboard into a musical instrument, by assigning notes to keys, and teach you how to play the instrument by having you play back notes. You do NOT need any experience with music to do this task. Takes 15 minutes.","music, piano, tutor, learn, practice, play, keyboard","$2.00","Mon Feb 10 12:38:54 GMT 2014","1","BatchId:1413108;","3600","28800","Mon Feb 10 12:50:35 GMT 2014","","","23EOFXRDS4ICTAA1WSAFW11AIECXUU","AVX3SWFMBEPMZ","Submitted","Mon Feb 10 12:50:19 GMT 2014","Mon Feb 10 13:23:03 GMT 2014","Mon Feb 10 13:23:03 PST 2014","","","","1964","0% (0/0)","0% (0/0)","0% (0/0)","4_9_nvss","","Guitar","Bass","keyboards","","","","6","2","","3","9","Yes","Mary had a little lamb","Yes","Yes","Fur Elise","No"
"2K839Z0B6UTOYPG24NKV1KGP51VNY3","2CAVKCJ011K2Z0VVIFHWG18N4AJ8A8","Learn how to play music on your computer keyboard. You do NOT need any experience with music to do this task.","We turn your keyboard into a musical instrument, by assigning notes to keys, and teach you how to play the instrument by having you play back notes. You do NOT need any experience with music to do this task. Takes 15 minutes.","music, piano, tutor, learn, practice, play, keyboard","$2.00","Mon Feb 10 12:38:54 GMT 2014","1","BatchId:1413108;","3600","28800","Mon Feb 10 12:50:35 GMT 2014","","","26Y18N46UXFC50HLL9KNNSNT0E5SQD","A1X8BJ4LW9YW5D","Submitted","Mon Feb 10 12:42:27 GMT 2014","Mon Feb 10 12:59:13 GMT 2014","Mon Feb 10 12:59:13 PST 2014","","","","1006","0% (0/0)","0% (0/0)","0% (0/0)","8_0_qqis","","violin","guitar","","","","","6","9","","1","9","Yes","","No","Yes","","No"
"2TYW40SPW1INEDSMZZA3XAB6KPM1EX","2CAVKCJ011K2Z0VVIFHWG18N4AJ8A8","Learn how to play music on your computer keyboard. You do NOT need any experience with music to do this task.","We turn your keyboard into a musical instrument, by assigning notes to keys, and teach you how to play the instrument by having you play back notes. You do NOT need any experience with music to do this task. Takes 15 minutes.","music, piano, tutor, learn, practice, play, keyboard","$2.00","Mon Feb 10 12:38:54 GMT 2014","1","BatchId:1413108;","3600","28800","Mon Feb 10 12:50:35 GMT 2014","","","2RQW2GTP9RA7K18AA10Y2OF7GF4PUZ","A1Y0Y6U906ABT5","Submitted","Mon Feb 10 12:39:19 GMT 2014","Mon Feb 10 13:35:52 GMT 2014","Mon Feb 10 13:35:52 PST 2014","","","","3393","0% (0/0)","0% (0/0)","0% (0/0)","8_1_sgpn","","piano","trumpet","","","","","9","3","Fsharp","9","3","Yes","forgot","Yes","Yes","Fur elise","Yes"
"280LKH1Q6SVQ0DKWVLL6V5OB4MIK10","2CAVKCJ011K2Z0VVIFHWG18N4AJ8A8","Learn how to play music on your computer keyboard. You do NOT need any experience with music to do this task.","We turn your keyboard into a musical instrument, by assigning notes to keys, and teach you how to play the instrument by having you play back notes. You do NOT need any experience with music to do this task. Takes 15 minutes.","music, piano, tutor, learn, practice, play, keyboard","$2.00","Mon Feb 10 12:38:54 GMT 2014","1","BatchId:1413108;","3600","28800","Mon Feb 10 12:50:35 GMT 2014","","","2QB2D21O3W5X9WVDYN92UYEP1O7F9V","A1IQZMAPFSP9S0","Submitted","Mon Feb 10 12:39:58 GMT 2014","Mon Feb 10 13:03:46 GMT 2014","Mon Feb 10 13:03:46 PST 2014","","","","1428","0% (0/0)","0% (0/0)","0% (0/0)","8_2_bguc","","","","","","","was pretty fun once i got my fingers use to the keyboard","2","9","","1","1","Yes","mary had a little lamb","No","Yes","","No"
"2C88H88MQU6LXKNJLDSR7X4ARSEATH","2CAVKCJ011K2Z0VVIFHWG18N4AJ8A8","Learn how to play music on your computer keyboard. You do NOT need any experience with music to do this task.","We turn your keyboard into a musical instrument, by assigning notes to keys, and teach you how to play the instrument by having you play back notes. You do NOT need any experience with music to do this task. Takes 15 minutes.","music, piano, tutor, learn, practice, play, keyboard","$2.00","Mon Feb 10 12:38:54 GMT 2014","1","BatchId:1413108;","3600","28800","Mon Feb 10 12:50:36 GMT 2014","","","2T85TYMNCWYBW5RX1NJH711J4J9OKJ","A35FHY70T3PL8I","Submitted","Mon Feb 10 12:39:42 GMT 2014","Mon Feb 10 13:02:11 GMT 2014","Mon Feb 10 13:02:11 PST 2014","","","","1349","0% (0/0)","0% (0/0)","0% (0/0)","8_4_ukpl","","piano","violin","bass","guitar","","no","9","2","F sharp","9","2","Yes","mary had a little lamb","Yes","Yes","Fur Elise","Yes"
"2MBYMNCWYB49754G1CO1BJON135MQ2","2CAVKCJ011K2Z0VVIFHWG18N4AJ8A8","Learn how to play music on your computer keyboard. You do NOT need any experience with music to do this task.","We turn your keyboard into a musical instrument, by assigning notes to keys, and teach you how to play the instrument by having you play back notes. You do NOT need any experience with music to do this task. Takes 15 minutes.","music, piano, tutor, learn, practice, play, keyboard","$2.00","Mon Feb 10 12:38:55 GMT 2014","1","BatchId:1413108;","3600","28800","Mon Feb 10 12:50:36 GMT 2014","","","2K22SEIUUU00GMW8JZ9I28S2AYNRRO","A26TR1UD7FNB8K","Submitted","Mon Feb 10 12:42:07 GMT 2014","Mon Feb 10 13:00:07 GMT 2014","Mon Feb 10 13:00:07 PST 2014","","","","1080","0% (0/0)","0% (0/0)","0% (0/0)","8_5_rcyn","","","","","","","it was fun trying them out","2","2","no","2","1","No","","No","No","","No"
"20I11K274J79CM8UA3E4GUXFLM3DFE","2CAVKCJ011K2Z0VVIFHWG18N4AJ8A8","Learn how to play music on your computer keyboard. You do NOT need any experience with music to do this task.","We turn your keyboard into a musical instrument, by assigning notes to keys, and teach you how to play the instrument by having you play back notes. You do NOT need any experience with music to do this task. Takes 15 minutes.","music, piano, tutor, learn, practice, play, keyboard","$2.00","Mon Feb 10 12:38:55 GMT 2014","1","BatchId:1413108;","3600","28800","Mon Feb 10 12:50:36 GMT 2014","","","2UUJE1M7PKK9DN8UXU1CA4LZDL2RYQ","A70AS0KVKADBY","Submitted","Mon Feb 10 12:44:24 GMT 2014","Mon Feb 10 13:09:38 GMT 2014","Mon Feb 10 13:09:38 PST 2014","","","","1514","0% (0/0)","0% (0/0)","0% (0/0)","8_7_gxit","","Piano","","","","","","3","9","F Sharp","3","9","Yes","Mary Had a Little Lamb","Yes","Yes","Fur Elise","Yes"
"27JSNQQ7Q670XX28LII1CTQCA6LAU8","2CAVKCJ011K2Z0VVIFHWG18N4AJ8A8","Learn how to play music on your computer keyboard. You do NOT need any experience with music to do this task.","We turn your keyboard into a musical instrument, by assigning notes to keys, and teach you how to play the instrument by having you play back notes. You do NOT need any experience with music to do this task. Takes 15 minutes.","music, piano, tutor, learn, practice, play, keyboard","$2.00","Mon Feb 10 12:38:55 GMT 2014","1","BatchId:1413108;","3600","28800","Mon Feb 10 12:50:37 GMT 2014","","","2NGBDDP8PJWKM9PW6H23039ZG7OG54","A3G0T5Y7OSC76S","Submitted","Mon Feb 10 12:50:21 GMT 2014","Mon Feb 10 13:07:45 GMT 2014","Mon Feb 10 13:07:45 PST 2014","","","","1044","0% (0/0)","0% (0/0)","0% (0/0)","8_8_sggj","","flute","piccolo","guitar","","","no","9","9","","1","1","No","","No","No","","No"
"2MCFJ51Y7QEORBAE1W3S3MOF61DEBT","2CAVKCJ011K2Z0VVIFHWG18N4AJ8A8","Learn how to play music on your computer keyboard. You do NOT need any experience with music to do this task.","We turn your keyboard into a musical instrument, by assigning notes to keys, and teach you how to play the instrument by having you play back notes. You do NOT need any experience with music to do this task. Takes 15 minutes.","music, piano, tutor, learn, practice, play, keyboard","$2.00","Mon Feb 10 12:38:55 GMT 2014","1","BatchId:1413108;","3600","28800","Mon Feb 10 12:50:37 GMT 2014","","","206OZFYQS1CSLI036M4SEIC1UUUMJ3","A365D8DBYZQZGT","Submitted","Mon Feb 10 12:48:22 GMT 2014","Mon Feb 10 13:21:02 GMT 2014","Mon Feb 10 13:21:02 PST 2014","","","","1960","0% (0/0)","0% (0/0)","0% (0/0)","8_9_zyaw","","piano","","","","","","8","2","","9","2","Yes","mary had a little lamb","Yes","Yes","fur elise","Yes"
"2NPD1X3V0FK04KWQS9SMHPKKIUQLEK","2CAVKCJ011K2Z0VVIFHWG18N4AJ8A8","Learn how to play music on your computer keyboard. You do NOT need any experience with music to do this task.","We turn your keyboard into a musical instrument, by assigning notes to keys, and teach you how to play the instrument by having you play back notes. You do NOT need any experience with music to do this task. Takes 15 minutes.","music, piano, tutor, learn, practice, play, keyboard","$2.00","Mon Feb 10 12:38:55 GMT 2014","1","BatchId:1413108;","3600","28800","Mon Feb 10 12:50:37 GMT 2014","","","2S20RYNJ92NJCICTKHAT4HYWICBA5M","APUDEHJUFAFZV","Submitted","Mon Feb 10 12:46:05 GMT 2014","Mon Feb 10 13:09:07 GMT 2014","Mon Feb 10 13:09:07 PST 2014","","","","1382","0% (0/0)","0% (0/0)","0% (0/0)","16_0_gsrj","","Saxophone","","","","","I have used other piano programs that utilize your keyboard and the layout of Fruity Loops is the easiest to master in my opinion.","6","2","F sharp","4","2","Yes","Mary Had a Little Lamb","Yes","Yes","Fur Elise","Yes"
"2W151Y7QEOZFQM4PLNKMYFXRM13DGD","2CAVKCJ011K2Z0VVIFHWG18N4AJ8A8","Learn how to play music on your computer keyboard. You do NOT need any experience with music to do this task.","We turn your keyboard into a musical instrument, by assigning notes to keys, and teach you how to play the instrument by having you play back notes. You do NOT need any experience with music to do this task. Takes 15 minutes.","music, piano, tutor, learn, practice, play, keyboard","$2.00","Mon Feb 10 12:38:55 GMT 2014","1","BatchId:1413108;","3600","28800","Mon Feb 10 12:50:38 GMT 2014","","","2TNCNHMVHVKCBWDPTXY4T79K6SP425","A3J57G3L42PDR4","Submitted","Mon Feb 10 12:50:12 GMT 2014","Mon Feb 10 13:02:00 GMT 2014","Mon Feb 10 13:02:00 PST 2014","","","","708","0% (0/0)","0% (0/0)","0% (0/0)","16_3_xbie","","","","","","","It was fun!","2","9","","2","9","Yes","","No","Yes","","No"
"26U6SK9RJ85OREB2QH1AZMOOZEDT5U","2CAVKCJ011K2Z0VVIFHWG18N4AJ8A8","Learn how to play music on your computer keyboard. You do NOT need any experience with music to do this task.","We turn your keyboard into a musical instrument, by assigning notes to keys, and teach you how to play the instrument by having you play back notes. You do NOT need any experience with music to do this task. Takes 15 minutes.","music, piano, tutor, learn, practice, play, keyboard","$2.00","Mon Feb 10 12:38:55 GMT 2014","1","BatchId:1413108;","3600","28800","Mon Feb 10 12:50:38 GMT 2014","","","20K1CSTMOFXR5OG6LW5YNNXJVIJPSJ","A2YI1E86RZWSWD","Submitted","Mon Feb 10 12:39:31 GMT 2014","Mon Feb 10 13:10:03 GMT 2014","Mon Feb 10 13:10:03 PST 2014","","","","1832","0% (0/0)","0% (0/0)","0% (0/0)","16_4_irwj","","drums","","","","","Thank You for allowing me to participate in your well designed HIT. Please send A2YI1E86RZWSWD any “exclusive” HITS that you may have available. Of course, any Bonus Tips are always greatly appreciated. Also, I Sport A 99% Plus Approval Rate So You Can Be Assured Your Results Have Integrity! Thanks again and Good Luck!!!","9","2","no","5","9","Yes","","No","Yes","","No"
"2W20COK2JE1MZLW8IGIWGOZALA4MTG","2CAVKCJ011K2Z0VVIFHWG18N4AJ8A8","Learn how to play music on your computer keyboard. You do NOT need any experience with music to do this task.","We turn your keyboard into a musical instrument, by assigning notes to keys, and teach you how to play the instrument by having you play back notes. You do NOT need any experience with music to do this task. Takes 15 minutes.","music, piano, tutor, learn, practice, play, keyboard","$2.00","Mon Feb 10 12:38:55 GMT 2014","1","BatchId:1413108;","3600","28800","Mon Feb 10 12:50:38 GMT 2014","","","2YP7H57DZKPF60Q4MC4MC5L8Y552CF","A3LNPBZXHKKAA7","Submitted","Mon Feb 10 12:40:10 GMT 2014","Mon Feb 10 13:09:46 GMT 2014","Mon Feb 10 13:09:46 PST 2014","","","","1776","0% (0/0)","0% (0/0)","0% (0/0)","16_5_shbd","","","","","","","this was very fun.  Thank you for allowing me to participate!","2","2","","1","1","Yes","","No","Yes","","No"
"2D2UDD8XMB3QV5BOK1LTY6T4N5SPEP","2CAVKCJ011K2Z0VVIFHWG18N4AJ8A8","Learn how to play music on your computer keyboard. You do NOT need any experience with music to do this task.","We turn your keyboard into a musical instrument, by assigning notes to keys, and teach you how to play the instrument by having you play back notes. You do NOT need any experience with music to do this task. Takes 15 minutes.","music, piano, tutor, learn, practice, play, keyboard","$2.00","Mon Feb 10 12:38:55 GMT 2014","1","BatchId:1413108;","3600","28800","Mon Feb 10 12:50:39 GMT 2014","","","21FDWIOV1S7SFZPHPPS38DZ8349YJ6","AKATCXM6HXIU7","Submitted","Mon Feb 10 12:48:03 GMT 2014","Mon Feb 10 13:18:10 GMT 2014","Mon Feb 10 13:18:10 PST 2014","","","","1807","0% (0/0)","0% (0/0)","0% (0/0)","16_6_iokr","","","","","","","","2","9","","1","1","Yes","mary had a little lamb","Yes","No","","No"
"21MF0OHOVR14ATWCBG02RECWJGX45C","2CAVKCJ011K2Z0VVIFHWG18N4AJ8A8","Learn how to play music on your computer keyboard. You do NOT need any experience with music to do this task.","We turn your keyboard into a musical instrument, by assigning notes to keys, and teach you how to play the instrument by having you play back notes. You do NOT need any experience with music to do this task. Takes 15 minutes.","music, piano, tutor, learn, practice, play, keyboard","$2.00","Mon Feb 10 12:38:55 GMT 2014","1","BatchId:1413108;","3600","28800","Mon Feb 10 12:50:39 GMT 2014","","","2N9JHP4BDDKGWUKF1S0XDG35NSSZ6R","A1Q9UXA1K3MFQO","Submitted","Mon Feb 10 12:40:33 GMT 2014","Mon Feb 10 12:57:10 GMT 2014","Mon Feb 10 12:57:10 PST 2014","","","","997","0% (0/0)","0% (0/0)","0% (0/0)","16_8_makm","","","","","","","","7","9","","6","9","Yes","mary hand a little lamb","Yes","Yes","","No"
"2BUF806UFBNFKRSIUAU9FSW6WQ11FF","2CAVKCJ011K2Z0VVIFHWG18N4AJ8A8","Learn how to play music on your computer keyboard. You do NOT need any experience with music to do this task.","We turn your keyboard into a musical instrument, by assigning notes to keys, and teach you how to play the instrument by having you play back notes. You do NOT need any experience with music to do this task. Takes 15 minutes.","music, piano, tutor, learn, practice, play, keyboard","$2.00","Mon Feb 10 12:38:55 GMT 2014","1","BatchId:1413108;","3600","28800","Mon Feb 10 12:50:39 GMT 2014","","","2M4F0CP5KXPTAJU66T74ZM7NE2OYXU","A23AWSZSAGLY8X","Submitted","Mon Feb 10 12:51:38 GMT 2014","Mon Feb 10 13:13:37 GMT 2014","Mon Feb 10 13:13:37 PST 2014","","","","1319","0% (0/0)","0% (0/0)","0% (0/0)","16_9_xalm","","","","","","","No.","2","9","","1","1","Yes","Mary Had a Little Lamb","No","Yes","Moonlight Sonata","No"
"2K9Y0LWSBRI8AQNQ7P08THSTUL3C0C","2CAVKCJ011K2Z0VVIFHWG18N4AJ8A8","Learn how to play music on your computer keyboard. You do NOT need any experience with music to do this task.","We turn your keyboard into a musical instrument, by assigning notes to keys, and teach you how to play the instrument by having you play back notes. You do NOT need any experience with music to do this task. Takes 15 minutes.","music, piano, tutor, learn, practice, play, keyboard","$2.00","Mon Feb 10 12:38:55 GMT 2014","1","BatchId:1413108;","3600","28800","Mon Feb 10 12:50:40 GMT 2014","","","2E66AUBXHWSHZBXXIQ2Z6DRLD1QZ3L","A1SUU1QIRDZXJC","Submitted","Mon Feb 10 12:39:36 GMT 2014","Mon Feb 10 13:03:56 GMT 2014","Mon Feb 10 13:03:56 PST 2014","","","","1460","0% (0/0)","0% (0/0)","0% (0/0)","32_0_awur","","Clarinet","Alto Saxopohone","Drums","","","","9","9","F sharp","1","1","No","","No","No","","No"
"2T5HMVHVKCJ0TXWQGZA7JKQWFB846S","2CAVKCJ011K2Z0VVIFHWG18N4AJ8A8","Learn how to play music on your computer keyboard. You do NOT need any experience with music to do this task.","We turn your keyboard into a musical instrument, by assigning notes to keys, and teach you how to play the instrument by having you play back notes. You do NOT need any experience with music to do this task. Takes 15 minutes.","music, piano, tutor, learn, practice, play, keyboard","$2.00","Mon Feb 10 12:38:55 GMT 2014","1","BatchId:1413108;","3600","28800","Mon Feb 10 12:50:40 GMT 2014","","","2EYUXFCD45XC6PZ11IKKSN3TWLLXVJ","A15781PHGW377Y","Submitted","Mon Feb 10 12:50:22 GMT 2014","Mon Feb 10 13:10:20 GMT 2014","Mon Feb 10 13:10:20 PST 2014","","","","1198","0% (0/0)","0% (0/0)","0% (0/0)","32_2_iqkq","","","","","","","","0","0","","0","0","","","","","",""
"2I3Y58B727M0ACR8Q8S68FSVODUAVX","2CAVKCJ011K2Z0VVIFHWG18N4AJ8A8","Learn how to play music on your computer keyboard. You do NOT need any experience with music to do this task.","We turn your keyboard into a musical instrument, by assigning notes to keys, and teach you how to play the instrument by having you play back notes. You do NOT need any experience with music to do this task. Takes 15 minutes.","music, piano, tutor, learn, practice, play, keyboard","$2.00","Mon Feb 10 12:38:56 GMT 2014","1","BatchId:1413108;","3600","28800","Mon Feb 10 12:50:41 GMT 2014","","","2WYIAA2SEIUUMWCCZFBAEIISOOJOO3","A25DP39XRZDLQM","Submitted","Mon Feb 10 12:41:08 GMT 2014","Mon Feb 10 13:27:59 GMT 2014","Mon Feb 10 13:27:59 PST 2014","","","","2811","0% (0/0)","0% (0/0)","0% (0/0)","32_5_rouu","","guitar","piyano","","","","no","3","3","","3","4","No","","No","No","","No"
"22OVCPWZ9RNDOE0JANYSX3DTP30QBE","2CAVKCJ011K2Z0VVIFHWG18N4AJ8A8","Learn how to play music on your computer keyboard. You do NOT need any experience with music to do this task.","We turn your keyboard into a musical instrument, by assigning notes to keys, and teach you how to play the instrument by having you play back notes. You do NOT need any experience with music to do this task. Takes 15 minutes.","music, piano, tutor, learn, practice, play, keyboard","$2.00","Mon Feb 10 12:38:56 GMT 2014","1","BatchId:1413108;","3600","28800","Mon Feb 10 12:50:41 GMT 2014","","","2PD6VCPWZ9RN5SUC4WJ72N3D9CBPAM","A2BM4OQ4QLFF8I","Submitted","Mon Feb 10 12:51:14 GMT 2014","Mon Feb 10 13:15:39 GMT 2014","Mon Feb 10 13:15:39 PST 2014","","","","1465","100% (1/1)","0% (0/0)","0% (0/0)","32_6_htmp","","clarinet","violin","","","","","9","9","","1","1","Yes","mary had a little lamb","Yes","Yes","fur elise","Yes"
"25ZOVR14IXKOUHLQQ93WK6X37YC98F","2CAVKCJ011K2Z0VVIFHWG18N4AJ8A8","Learn how to play music on your computer keyboard. You do NOT need any experience with music to do this task.","We turn your keyboard into a musical instrument, by assigning notes to keys, and teach you how to play the instrument by having you play back notes. You do NOT need any experience with music to do this task. Takes 15 minutes.","music, piano, tutor, learn, practice, play, keyboard","$2.00","Mon Feb 10 12:38:56 GMT 2014","1","BatchId:1413108;","3600","28800","Mon Feb 10 12:50:41 GMT 2014","","","247J51Y7QEOZ7U2GA7JTWOFX79AFCC","A14WLAP6TCEKO0","Submitted","Mon Feb 10 12:41:32 GMT 2014","Mon Feb 10 13:03:46 GMT 2014","Mon Feb 10 13:03:46 PST 2014","","","","1334","0% (0/0)","0% (0/0)","0% (0/0)","32_7_tynd","","N/A","N/A","N/A","N/A","N/A","great study","2","9","","1","1","No","","No","No","","No"
"2Q2SSZVXX2Q4XQ68ZJPGXIW1W286O4","2CAVKCJ011K2Z0VVIFHWG18N4AJ8A8","Learn how to play music on your computer keyboard. You do NOT need any experience with music to do this task.","We turn your keyboard into a musical instrument, by assigning notes to keys, and teach you how to play the instrument by having you play back notes. You do NOT need any experience with music to do this task. Takes 15 minutes.","music, piano, tutor, learn, practice, play, keyboard","$2.00","Mon Feb 10 12:38:56 GMT 2014","1","BatchId:1413108;","3600","28800","Mon Feb 10 12:50:42 GMT 2014","","","2MOA6X3YOCCFS81TTSGTSNIIDUYQPV","A33SMNMTMIOJ6T","Submitted","Mon Feb 10 12:47:51 GMT 2014","Mon Feb 10 13:19:14 GMT 2014","Mon Feb 10 13:19:14 PST 2014","","","","1883","0% (0/0)","0% (0/0)","0% (0/0)","32_9_ckuv","","Snare Drum","Drum Kit","Marimba","Piano","","","9","3","F Sharp","7","3","Yes","Marry Had a Little Lamb","Yes","Yes","Fur Elise","Yes"
"2R6O2GMMEGOO8M40V19AK2SER4U994","2CAVKCJ011K2Z0VVIFHWG18N4AJ8A8","Learn how to play music on your computer keyboard. You do NOT need any experience with music to do this task.","We turn your keyboard into a musical instrument, by assigning notes to keys, and teach you how to play the instrument by having you play back notes. You do NOT need any experience with music to do this task. Takes 15 minutes.","music, piano, tutor, learn, practice, play, keyboard","$2.00","Mon Feb 10 12:38:56 GMT 2014","1","BatchId:1413108;","3600","28800","Mon Feb 10 12:50:43 GMT 2014","","","2598MZ9O9Z6KO0BAJU8H1RLF6W71AW","A2PXJTMWGUE5DC","Submitted","Mon Feb 10 12:51:39 GMT 2014","Mon Feb 10 13:18:30 GMT 2014","Mon Feb 10 13:18:30 PST 2014","","","","1611","0% (0/0)","0% (0/0)","0% (0/0)","64_3_wkvf","","","","","","","Thank you!","2","2","","1","1","Yes","","No","Yes","","No"
"2Y6VR14IXKO2D5E5N7NAGX3YXMC9AJ","2CAVKCJ011K2Z0VVIFHWG18N4AJ8A8","Learn how to play music on your computer keyboard. You do NOT need any experience with music to do this task.","We turn your keyboard into a musical instrument, by assigning notes to keys, and teach you how to play the instrument by having you play back notes. You do NOT need any experience with music to do this task. Takes 15 minutes.","music, piano, tutor, learn, practice, play, keyboard","$2.00","Mon Feb 10 12:38:57 GMT 2014","1","BatchId:1413108;","3600","28800","Mon Feb 17 12:38:57 GMT 2014","","","28URCJK63ZVEVD3OTP9A09JLLNKX8E","A1H6QHX1XSZ3F1","Submitted","Mon Feb 10 12:47:17 GMT 2014","Mon Feb 10 12:47:26 GMT 2014","Mon Feb 10 12:47:26 PST 2014","","","","9","0% (0/0)","0% (0/0)","0% (0/0)","64_4_edfq","","","","","","","","0","0","","0","0","","","","","",""
"2787Q67051QK4J3PBOHCBXMGR9UYEP","2CAVKCJ011K2Z0VVIFHWG18N4AJ8A8","Learn how to play music on your computer keyboard. You do NOT need any experience with music to do this task.","We turn your keyboard into a musical instrument, by assigning notes to keys, and teach you how to play the instrument by having you play back notes. You do NOT need any experience with music to do this task. Takes 15 minutes.","music, piano, tutor, learn, practice, play, keyboard","$2.00","Mon Feb 10 12:38:57 GMT 2014","1","BatchId:1413108;","3600","28800","Mon Feb 10 12:50:43 GMT 2014","","","2CQU98JHSTLBVHC3KE0IYBJEZNWQEA","A2TF8IP4PM7KAO","Submitted","Mon Feb 10 12:46:16 GMT 2014","Mon Feb 10 13:21:38 GMT 2014","Mon Feb 10 13:21:38 PST 2014","","","","2122","0% (0/0)","0% (0/0)","0% (0/0)","64_5_iofa","","","","","","","","2","2","","1","1","Yes","Mary Had A Little Lamb","No","Yes","","No"
"22XQ0ONNVRH1CD0XNBIBH6NVIVKMVW","2CAVKCJ011K2Z0VVIFHWG18N4AJ8A8","Learn how to play music on your computer keyboard. You do NOT need any experience with music to do this task.","We turn your keyboard into a musical instrument, by assigning notes to keys, and teach you how to play the instrument by having you play back notes. You do NOT need any experience with music to do this task. Takes 15 minutes.","music, piano, tutor, learn, practice, play, keyboard","$2.00","Mon Feb 10 12:38:57 GMT 2014","1","BatchId:1413108;","3600","28800","Mon Feb 10 12:50:43 GMT 2014","","","277B0HFL42J1DUHWK2T7W0IGVGZL0U","A2B8HPIZDKYKDR","Submitted","Mon Feb 10 12:46:20 GMT 2014","Mon Feb 10 13:31:25 GMT 2014","Mon Feb 10 13:31:25 PST 2014","","","","2705","0% (0/0)","0% (0/0)","0% (0/0)","64_7_nyzo","","","","","","","Thanks, best of luck to you in your research.","2","9","No","1","1","Yes","Mary Had a little Lamb","No","Yes","","No"
"2C73TVOK5UFJXXAVZ9FZPYQSAMS47R","2CAVKCJ011K2Z0VVIFHWG18N4AJ8A8","Learn how to play music on your computer keyboard. You do NOT need any experience with music to do this task.","We turn your keyboard into a musical instrument, by assigning notes to keys, and teach you how to play the instrument by having you play back notes. You do NOT need any experience with music to do this task. Takes 15 minutes.","music, piano, tutor, learn, practice, play, keyboard","$2.00","Mon Feb 10 12:38:57 GMT 2014","1","BatchId:1413108;","3600","28800","Mon Feb 10 12:50:44 GMT 2014","","","2P64EGDHDM25D4UXWUN6REZ64AMCMG","A2QD7QFGCUNF5N","Submitted","Mon Feb 10 12:41:37 GMT 2014","Mon Feb 10 12:59:22 GMT 2014","Mon Feb 10 12:59:22 PST 2014","","","","1065","0% (0/0)","0% (0/0)","0% (0/0)","64_8_myff","","","","","","","","9","9","","1","1","Yes","","Yes","Yes","","Yes"
"2I86SVQ8H88MIQI9EJ2VMI1R6746PL","2CAVKCJ011K2Z0VVIFHWG18N4AJ8A8","Learn how to play music on your computer keyboard. You do NOT need any experience with music to do this task.","We turn your keyboard into a musical instrument, by assigning notes to keys, and teach you how to play the instrument by having you play back notes. You do NOT need any experience with music to do this task. Takes 15 minutes.","music, piano, tutor, learn, practice, play, keyboard","$2.00","Mon Feb 10 12:38:57 GMT 2014","1","BatchId:1413108;","3600","28800","Mon Feb 17 12:38:57 GMT 2014","","","2AXBMJTUHYW28P1X05YSFWM1M5GINO","A3H3RW4RBLPUA6","Submitted","Mon Feb 10 12:48:53 GMT 2014","Mon Feb 10 12:49:04 GMT 2014","Mon Feb 10 12:49:04 PST 2014","","","","11","0% (0/0)","0% (0/0)","0% (0/0)","64_9_ipip","","","","","","","","0","0","","0","0","","","","","",""